{
  "/color-blue": {"value": 199},
  "/hora": {"text": "0"},
  "/speed": {
    "min": 1,
    "max": 20,
    "value": 10.100000381469727
  },
  "/color-red": {"value": 255},
  "/infoTexto": {
    "stringValue": "* Press enter when finish to typewrite in timebox",
    "value": 0
  },
  "/NumPuntos": {
    "min": 1,
    "max": 20,
    "value": 4
  },
  "/blend": {"value": 177.8585662841797},
  "/X": {
    "min": -1280,
    "max": 1280,
    "value": -468.292724609375
  },
  "/Y": {
    "min": -768,
    "max": 768,
    "value": -186.810791015625
  },
  "/Z": {"value": 0},
  "/minuto": {"text": "0"},
  "/secondTexto": {
    "stringValue": "",
    "value": 0
  },
  "/hourTexto": {
    "stringValue": "",
    "value": 0
  },
  "/sonidoExtremos": {"value": 1},
  "/color-green": {"value": 128},
  "/Distancia": {
    "min": 20,
    "max": 400,
    "value": 180
  },
  "/segundo": {"text": "00"},
  "/minuteTexto": {
    "stringValue": "00",
    "value": 0
  },
  "/sonidoPuntos": {"value": 1},
  "/movimiento": {"value": 1},
  "/state": {"value": 0}
}